{"cameraMode":{"drawMode":0,"name":"Shaded","section":"Shading Mode"},"sceneLighting":true,"audioPlay":false,"sceneViewState":{"m_AlwaysRefresh":false,"showFog":true,"showSkybox":true,"showFlares":true,"showImageEffects":true,"showParticleSystems":true,"showVisualEffectGraphs":true,"m_FxEnabled":true},"in2DMode":false,"pivot":{"x":421.6890563964844,"y":6.852115154266357,"z":685.4212646484375},"rotation":{"x":0.04597489908337593,"y":0.9401986002922058,"z":-0.30668529868125918,"w":0.14094436168670655},"size":1.9876267910003663,"orthographic":false}