{"cameraMode":{"drawMode":0,"name":"Shaded","section":"Shading Mode"},"sceneLighting":true,"audioPlay":false,"sceneViewState":{"m_AlwaysRefresh":false,"showFog":true,"showSkybox":true,"showFlares":true,"showImageEffects":true,"showParticleSystems":true,"showVisualEffectGraphs":true,"m_FxEnabled":true},"in2DMode":false,"pivot":{"x":407.15802001953127,"y":-56.524559020996097,"z":-119.99203491210938},"rotation":{"x":-0.08139710128307343,"y":0.9109328389167786,"z":-0.21743439137935639,"w":-0.3410065174102783},"size":1019.662353515625,"orthographic":false}