{"cameraMode":{"drawMode":0,"name":"Shaded","section":"Shading Mode"},"sceneLighting":true,"audioPlay":false,"sceneViewState":{"m_AlwaysRefresh":false,"showFog":true,"showSkybox":true,"showFlares":true,"showImageEffects":true,"showParticleSystems":true,"showVisualEffectGraphs":true,"m_FxEnabled":true},"in2DMode":false,"pivot":{"x":402.392333984375,"y":5.353232383728027,"z":746.2538452148438},"rotation":{"x":0.004370146431028843,"y":-0.9901822209358215,"z":0.13782671093940736,"w":0.029103215783834459},"size":2.097615957260132,"orthographic":false}